Workbook

Sheet Summary
A1: Table C.4 results
A2: First-round module usefulness and ease-of-use ratings (1–7 scale)
A4: Module | B4: N | C4: Calculated U | D4: Calculated E | E4: Calculated Gap | F4: Thesis U | G4: Thesis E | H4: Thesis Gap | I4: Reconciliation
A5: Engineer | B5: =COUNT('Participant Data'!D$5:D$14) -> 10 | C5: =AVERAGE('Participant Data'!D$5:D$14) -> 5.8 | D5: =AVERAGE('Participant Data'!E$5:E$14) -> 3.2 | E5: =C5-D5 -> 2.6 | F5: 5.8 | G5: 3.2 | H5: 2.6 | I5: =IF(AND(ABS(C5-F5)<0.0001,ABS(D5-G5)<0.0001,ABS(E5-H5)<0.0001),"MATCH","CHECK") -> MATCH
A6: Coach | B6: =COUNT('Participant Data'!G$5:G$14) -> 10 | C6: =AVERAGE('Participant Data'!G$5:G$14) -> 5.2 | D6: =AVERAGE('Participant Data'!H$5:H$14) -> 2.8 | E6: =C6-D6 -> 2.4 | F6: 5.2 | G6: 2.8 | H6: 2.4 | I6: =IF(AND(ABS(C6-F6)<0.0001,ABS(D6-G6)<0.0001,ABS(E6-H6)<0.0001),"MATCH","CHECK") -> MATCH
A7: Commentary | B7: =COUNT('Participant Data'!J$5:J$14) -> 10 | C7: =AVERAGE('Participant Data'!J$5:J$14) -> 5 | D7: =AVERAGE('Participant Data'!K$5:K$14) -> 3.5 | E7: =C7-D7 -> 1.5 | F7: 5 | G7: 3.5 | H7: 1.5 | I7: =IF(AND(ABS(C7-F7)<0.0001,ABS(D7-G7)<0.0001,ABS(E7-H7)<0.0001),"MATCH","CHECK") -> MATCH
A8: AI Driver Bot | B8: =COUNT('Participant Data'!M$5:M$14) -> 10 | C8: =AVERAGE('Participant Data'!M$5:M$14) -> 4.8 | D8: =AVERAGE('Participant Data'!N$5:N$14) -> 4 | E8: =C8-D8 -> 0.8 | F8: 4.8 | G8: 4 | H8: 0.8 | I8: =IF(AND(ABS(C8-F8)<0.0001,ABS(D8-G8)<0.0001,ABS(E8-H8)<0.0001),"MATCH","CHECK") -> MATCH
A11: Definition | B11: Value
A12: Usefulness | B12: 1 = Not useful at all; 7 = Extremely useful
A13: Ease of use | B13: 1 = Very difficult; 7 = Very easy
A14: Gap | B14: Mean usefulness minus mean ease of use

Sheet Participant Data
A1: Table C.4 participant-level data
A4: Participant ID | B4: Experience | C4: Round | D4: Engineer U | E4: Engineer E | F4: Engineer Gap | G4: Coach U | H4: Coach E | I4: Coach Gap | J4: Commentary U | K4: Commentary E | L4: Commentary Gap | M4: AI Driver Bot U | N4: AI Driver Bot E | O4: AI Driver Bot Gap
A5: R01 | B5: Expert | C5: 1 | D5: 7 | E5: 5 | F5: =D5-E5 -> 2 | G5: 6 | H5: 4 | I5: =G5-H5 -> 2 | J5: 6 | K5: 5 | L5: =J5-K5 -> 1 | M5: 5 | N5: 5 | O5: =M5-N5 -> 0
A6: R02 | B6: Expert | C6: 1 | D6: 6 | E6: 4 | F6: =D6-E6 -> 2 | G6: 6 | H6: 4 | I6: =G6-H6 -> 2 | J6: 5 | K6: 4 | L6: =J6-K6 -> 1 | M6: 5 | N6: 5 | O6: =M6-N6 -> 0
A7: R03 | B7: Expert | C7: 1 | D7: 6 | E7: 4 | F7: =D7-E7 -> 2 | G7: 5 | H7: 3 | I7: =G7-H7 -> 2 | J7: 5 | K7: 4 | L7: =J7-K7 -> 1 | M7: 5 | N7: 4 | O7: =M7-N7 -> 1
A8: R04 | B8: Intermediate | C8: 1 | D8: 6 | E8: 3 | F8: =D8-E8 -> 3 | G8: 6 | H8: 3 | I8: =G8-H8 -> 3 | J8: 6 | K8: 4 | L8: =J8-K8 -> 2 | M8: 5 | N8: 4 | O8: =M8-N8 -> 1
A9: R05 | B9: Intermediate | C9: 1 | D9: 6 | E9: 3 | F9: =D9-E9 -> 3 | G9: 5 | H9: 3 | I9: =G9-H9 -> 2 | J9: 5 | K9: 4 | L9: =J9-K9 -> 1 | M9: 5 | N9: 4 | O9: =M9-N9 -> 1
A10: R06 | B10: Intermediate | C10: 1 | D10: 6 | E10: 3 | F10: =D10-E10 -> 3 | G10: 5 | H10: 3 | I10: =G10-H10 -> 2 | J10: 5 | K10: 3 | L10: =J10-K10 -> 2 | M10: 5 | N10: 4 | O10: =M10-N10 -> 1
A11: R07 | B11: Intermediate | C11: 1 | D11: 5 | E11: 3 | F11: =D11-E11 -> 2 | G11: 5 | H11: 2 | I11: =G11-H11 -> 3 | J11: 5 | K11: 3 | L11: =J11-K11 -> 2 | M11: 5 | N11: 4 | O11: =M11-N11 -> 1
A12: R08 | B12: Novice | C12: 1 | D12: 6 | E12: 3 | F12: =D12-E12 -> 3 | G12: 5 | H12: 2 | I12: =G12-H12 -> 3 | J12: 5 | K12: 3 | L12: =J12-K12 -> 2 | M12: 5 | N12: 4 | O12: =M12-N12 -> 1
A13: R09 | B13: Novice | C13: 1 | D13: 5 | E13: 2 | F13: =D13-E13 -> 3 | G13: 5 | H13: 2 | I13: =G13-H13 -> 3 | J13: 4 | K13: 3 | L13: =J13-K13 -> 1 | M13: 4 | N13: 3 | O13: =M13-N13 -> 1
A14: R10 | B14: Novice | C14: 1 | D14: 5 | E14: 2 | F14: =D14-E14 -> 3 | G14: 4 | H14: 2 | I14: =G14-H14 -> 2 | J14: 4 | K14: 2 | L14: =J14-K14 -> 2 | M14: 4 | N14: 3 | O14: =M14-N14 -> 1

Sheet Questionnaire Key
A1: Questionnaire key
A3: Variable | B3: Module | C3: Question | D3: Minimum | E3: Minimum anchor | F3: Maximum | G3: Maximum anchor
A4: Engineer U | B4: Race Engineer | C4: How useful was the Race Engineer for understanding vehicle state and supporting your driving-related task? | D4: 1 | E4: Not useful at all | F4: 7 | G4: Extremely useful
A5: Engineer E | B5: Race Engineer | C5: How easy was the Race Engineer to understand and operate? | D5: 1 | E5: Very difficult | F5: 7 | G5: Very easy
A6: Coach U | B6: Coach | C6: How useful was the Coach for obtaining live guidance and reviewing or planning your driving? | D6: 1 | E6: Not useful at all | F6: 7 | G6: Extremely useful
A7: Coach E | B7: Coach | C7: How easy was the Coach to understand and operate? | D7: 1 | E7: Very difficult | F7: 7 | G7: Very easy
A8: Commentary U | B8: Commentary | C8: How useful was Commentary for following events during the simulation? | D8: 1 | E8: Not useful at all | F8: 7 | G8: Extremely useful
A9: Commentary E | B9: Commentary | C9: How easy was Commentary to understand and operate? | D9: 1 | E9: Very difficult | F9: 7 | G9: Very easy
A10: AI Driver Bot U | B10: AI Driver Bot | C10: How useful was the AI Driver Bot for controlling or automating the simulated driver? | D10: 1 | E10: Not useful at all | F10: 7 | G10: Extremely useful
A11: AI Driver Bot E | B11: AI Driver Bot | C11: How easy was the AI Driver Bot to understand and operate? | D11: 1 | E11: Very difficult | F11: 7 | G11: Very easy
